Ticker,fetch_status,Date,Open,High,Low,Close,Volume
DV,OK,2026-04-29 00:00:00-04:00,10.869999885559082,11.045000076293945,10.774999618530273,10.960000038146973,1674600
DV,OK,2026-04-30 00:00:00-04:00,10.829999923706055,11.0600004196167,10.739999771118164,11.020000457763672,1821400
DV,OK,2026-05-01 00:00:00-04:00,11.270000457763672,11.4399995803833,11.180000305175781,11.3100004196167,2393200
DV,OK,2026-05-04 00:00:00-04:00,11.289999961853027,11.520000457763672,11.229999542236328,11.399999618530273,2387400
DV,OK,2026-05-05 00:00:00-04:00,11.350000381469727,11.545000076293945,11.229999542236328,11.460000038146973,2296600
DV,OK,2026-05-06 00:00:00-04:00,11.369999885559082,11.494999885559082,11.130000114440918,11.149999618530273,2133400
DV,OK,2026-05-07 00:00:00-04:00,10.899999618530273,11.510000228881836,10.345000267028809,10.850000381469727,3983600
DV,OK,2026-05-08 00:00:00-04:00,10.739999771118164,11.09000015258789,10.550000190734863,11.0600004196167,2747500
DV,OK,2026-05-11 00:00:00-04:00,11.140000343322754,11.399999618530273,10.345000267028809,10.430000305175781,3797900
DV,OK,2026-05-12 00:00:00-04:00,10.4350004196167,10.4399995803833,10.0,10.010000228881836,2581700
DV,OK,2026-05-13 00:00:00-04:00,9.890000343322754,9.90999984741211,8.800000190734863,8.880000114440918,3842000
DV,OK,2026-05-14 00:00:00-04:00,9.069999694824219,9.15999984741211,8.600000381469727,8.609999656677246,4337900
DV,OK,2026-05-15 00:00:00-04:00,8.739999771118164,9.194999694824219,8.729999542236328,9.0600004196167,4244500
DV,OK,2026-05-18 00:00:00-04:00,9.164999961853027,9.460000038146973,8.954999923706055,9.270000457763672,3634000
DV,OK,2026-05-19 00:00:00-04:00,9.529999732971191,9.6850004196167,9.270000457763672,9.460000038146973,3753500
DV,OK,2026-05-20 00:00:00-04:00,9.319999694824219,9.395000457763672,8.920000076293945,9.380000114440918,7376100
DV,OK,2026-05-21 00:00:00-04:00,9.3100004196167,9.654999732971191,9.210000038146973,9.520000457763672,2596800
DV,OK,2026-05-22 00:00:00-04:00,9.640000343322754,9.84000015258789,9.550000190734863,9.829999923706055,2350900
DV,OK,2026-05-26 00:00:00-04:00,9.800000190734863,9.899999618530273,9.614999771118164,9.680000305175781,2501900
DV,OK,2026-05-27 00:00:00-04:00,9.670000076293945,10.010000228881836,9.649999618530273,9.680000305175781,2003500
DV,OK,2026-05-28 00:00:00-04:00,9.710000038146973,9.789999961853027,9.595000267028809,9.65999984741211,2030100
AVEM,OK,2026-04-29 00:00:00-04:00,89.0999984741211,89.0999984741211,88.21600341796875,88.56999969482422,1202200
AVEM,OK,2026-04-30 00:00:00-04:00,89.38999938964844,90.58000183105469,88.87000274658203,90.36000061035156,2432500
AVEM,OK,2026-05-01 00:00:00-04:00,90.20999908447266,91.30999755859375,90.13999938964844,90.52999877929688,1281600
AVEM,OK,2026-05-04 00:00:00-04:00,90.76000213623047,91.43000030517578,89.95999908447266,90.37999725341797,2123900
AVEM,OK,2026-05-05 00:00:00-04:00,91.77999877929688,92.55500030517578,91.6500015258789,92.2300033569336,2252100
AVEM,OK,2026-05-06 00:00:00-04:00,93.95999908447266,94.8499984741211,93.55999755859375,94.77999877929688,1818600
AVEM,OK,2026-05-07 00:00:00-04:00,95.12999725341797,95.12999725341797,93.55999755859375,93.73999786376953,2755500
AVEM,OK,2026-05-08 00:00:00-04:00,94.87999725341797,95.66999816894531,94.83000183105469,95.66000366210938,1414100
AVEM,OK,2026-05-11 00:00:00-04:00,95.66000366210938,96.07499694824219,95.3499984741211,95.83000183105469,1514500
AVEM,OK,2026-05-12 00:00:00-04:00,93.73999786376953,94.05000305175781,91.91999816894531,93.12000274658203,2805600
AVEM,OK,2026-05-13 00:00:00-04:00,94.1500015258789,95.2300033569336,93.66000366210938,94.87999725341797,1378300
AVEM,OK,2026-05-14 00:00:00-04:00,94.51000213623047,95.2249984741211,94.29000091552734,95.02999877929688,1501600
AVEM,OK,2026-05-15 00:00:00-04:00,92.23999786376953,92.43000030517578,91.41000366210938,91.87999725341797,1442000
AVEM,OK,2026-05-18 00:00:00-04:00,92.66000366210938,92.66999816894531,90.66000366210938,91.47000122070312,1874000
AVEM,OK,2026-05-19 00:00:00-04:00,89.63999938964844,91.30000305175781,89.36000061035156,90.47000122070312,2430900
AVEM,OK,2026-05-20 00:00:00-04:00,90.81999969482422,92.29000091552734,90.66000366210938,92.2300033569336,2359200
AVEM,OK,2026-05-21 00:00:00-04:00,92.08999633789062,93.51000213623047,91.86000061035156,93.11000061035156,4255400
AVEM,OK,2026-05-22 00:00:00-04:00,93.38999938964844,93.76000213623047,92.91000366210938,93.05000305175781,1467600
AVEM,OK,2026-05-26 00:00:00-04:00,95.93000030517578,97.02999877929688,95.91999816894531,96.91999816894531,2243200
AVEM,OK,2026-05-27 00:00:00-04:00,97.12000274658203,97.28500366210938,95.82499694824219,96.52999877929688,1845900
AVEM,OK,2026-05-28 00:00:00-04:00,95.6500015258789,97.19499969482422,95.23999786376953,96.9800033569336,4828300
AVUV,OK,2026-04-29 00:00:00-04:00,119.55000305175781,119.69999694824219,118.01000213623047,118.5999984741211,1126700
AVUV,OK,2026-04-30 00:00:00-04:00,118.33999633789062,120.33000183105469,118.08999633789062,120.13999938964844,1535800
AVUV,OK,2026-05-01 00:00:00-04:00,120.16999816894531,120.31500244140625,119.36499786376953,119.95999908447266,1134500
AVUV,OK,2026-05-04 00:00:00-04:00,119.55000305175781,119.83000183105469,117.95999908447266,118.55999755859375,1353600
AVUV,OK,2026-05-05 00:00:00-04:00,118.79000091552734,120.58999633789062,118.79000091552734,120.16000366210938,1176500
AVUV,OK,2026-05-06 00:00:00-04:00,120.05999755859375,121.11499786376953,120.05999755859375,120.38999938964844,1493400
AVUV,OK,2026-05-07 00:00:00-04:00,120.41999816894531,120.61599731445312,119.05000305175781,119.18000030517578,1069500
AVUV,OK,2026-05-08 00:00:00-04:00,119.61000061035156,120.13999938964844,119.12000274658203,119.83999633789062,1165700
AVUV,OK,2026-05-11 00:00:00-04:00,120.25,120.69000244140625,118.88999938964844,118.9800033569336,1203400
AVUV,OK,2026-05-12 00:00:00-04:00,119.05000305175781,119.05000305175781,117.0,118.30000305175781,1192000
AVUV,OK,2026-05-13 00:00:00-04:00,118.25,118.25,117.19499969482422,117.80999755859375,1162200
AVUV,OK,2026-05-14 00:00:00-04:00,118.6050033569336,119.34500122070312,118.31999969482422,118.7699966430664,1253400
AVUV,OK,2026-05-15 00:00:00-04:00,118.25,118.25,117.02999877929688,117.25,1127300
AVUV,OK,2026-05-18 00:00:00-04:00,117.5999984741211,118.95999908447266,117.35199737548828,118.41999816894531,1010900
AVUV,OK,2026-05-19 00:00:00-04:00,118.19999694824219,118.19999694824219,116.67500305175781,117.18000030517578,1195400
AVUV,OK,2026-05-20 00:00:00-04:00,117.6500015258789,119.36000061035156,117.13999938964844,119.26000213623047,937800
AVUV,OK,2026-05-21 00:00:00-04:00,118.91999816894531,119.61599731445312,117.80000305175781,119.23999786376953,1256700
AVUV,OK,2026-05-22 00:00:00-04:00,119.66999816894531,120.16000366210938,119.18499755859375,120.02999877929688,958900
AVUV,OK,2026-05-26 00:00:00-04:00,120.69000244140625,121.76899719238281,120.48600006103516,121.3499984741211,1468000
AVUV,OK,2026-05-27 00:00:00-04:00,121.38500213623047,122.06999969482422,120.86000061035156,121.0199966430664,1203100
AVUV,OK,2026-05-28 00:00:00-04:00,120.75,121.2300033569336,120.12000274658203,121.08999633789062,1299000
AVDV,OK,2026-04-29 00:00:00-04:00,104.23999786376953,104.5,103.04000091552734,103.66000366210938,808700
AVDV,OK,2026-04-30 00:00:00-04:00,105.5199966430664,106.44000244140625,105.0999984741211,106.1500015258789,1080000
AVDV,OK,2026-05-01 00:00:00-04:00,106.0999984741211,106.68000030517578,105.56999969482422,105.61000061035156,487500
AVDV,OK,2026-05-04 00:00:00-04:00,105.56999969482422,105.94999694824219,104.34500122070312,104.73999786376953,832100
AVDV,OK,2026-05-05 00:00:00-04:00,105.9000015258789,106.27999877929688,105.55999755859375,106.0999984741211,888000
AVDV,OK,2026-05-06 00:00:00-04:00,108.4000015258789,108.79000091552734,107.97000122070312,108.22000122070312,814100
AVDV,OK,2026-05-07 00:00:00-04:00,109.41999816894531,109.43000030517578,107.73999786376953,107.79000091552734,763100
AVDV,OK,2026-05-08 00:00:00-04:00,109.33999633789062,109.68000030517578,108.97000122070312,109.4800033569336,830500
AVDV,OK,2026-05-11 00:00:00-04:00,109.76000213623047,110.34700012207031,109.76000213623047,109.88999938964844,570700
AVDV,OK,2026-05-12 00:00:00-04:00,109.30000305175781,109.66000366210938,108.3499984741211,109.52999877929688,808400
AVDV,OK,2026-05-13 00:00:00-04:00,109.55000305175781,110.20999908447266,109.3499984741211,110.06999969482422,611300
AVDV,OK,2026-05-14 00:00:00-04:00,110.4800033569336,110.4800033569336,110.0,110.12000274658203,544100
AVDV,OK,2026-05-15 00:00:00-04:00,108.2300033569336,108.2300033569336,107.5199966430664,107.80000305175781,541700
AVDV,OK,2026-05-18 00:00:00-04:00,108.37000274658203,108.72000122070312,107.58999633789062,108.33000183105469,590100
AVDV,OK,2026-05-19 00:00:00-04:00,107.44000244140625,107.48999786376953,106.5199966430664,106.80999755859375,600700
AVDV,OK,2026-05-20 00:00:00-04:00,106.80999755859375,108.42500305175781,106.52999877929688,108.19000244140625,587700
AVDV,OK,2026-05-21 00:00:00-04:00,107.55000305175781,108.83999633789062,107.16000366210938,108.37000274658203,592300
AVDV,OK,2026-05-22 00:00:00-04:00,108.51000213623047,108.78500366210938,108.0,108.2699966430664,536800
AVDV,OK,2026-05-26 00:00:00-04:00,110.56999969482422,110.86000061035156,110.03500366210938,110.4000015258789,696500
AVDV,OK,2026-05-27 00:00:00-04:00,110.01000213623047,110.05000305175781,109.55000305175781,109.7300033569336,601200
AVDV,OK,2026-05-28 00:00:00-04:00,109.13999938964844,110.1510009765625,108.80000305175781,109.5999984741211,735900
ATI,OK,2026-04-29 00:00:00-04:00,155.0,155.0500030517578,142.35000610351562,146.22999572753906,2908700
ATI,OK,2026-04-30 00:00:00-04:00,146.42999267578125,155.72000122070312,146.38999938964844,155.4600067138672,2241200
ATI,OK,2026-05-01 00:00:00-04:00,157.13999938964844,158.30999755859375,151.82000732421875,155.25999450683594,1465400
ATI,OK,2026-05-04 00:00:00-04:00,154.85000610351562,155.61000061035156,152.3699951171875,153.88999938964844,1353400
ATI,OK,2026-05-05 00:00:00-04:00,156.75999450683594,157.0,153.0,155.35000610351562,1268600
ATI,OK,2026-05-06 00:00:00-04:00,160.17999267578125,165.22999572753906,159.0,165.0800018310547,2704100
ATI,OK,2026-05-07 00:00:00-04:00,169.72999572753906,171.11000061035156,161.4600067138672,162.66000366210938,3406500
ATI,OK,2026-05-08 00:00:00-04:00,164.5800018310547,164.5800018310547,156.61000061035156,158.38999938964844,2594300
ATI,OK,2026-05-11 00:00:00-04:00,156.0,161.44000244140625,153.02999877929688,161.16000366210938,1397600
ATI,OK,2026-05-12 00:00:00-04:00,159.92999267578125,162.39999389648438,156.8000030517578,161.00999450683594,1268700
ATI,OK,2026-05-13 00:00:00-04:00,161.32000732421875,166.9600067138672,159.02000427246094,164.8300018310547,1987200
ATI,OK,2026-05-14 00:00:00-04:00,166.0,167.39999389648438,162.38999938964844,162.57000732421875,1101500
ATI,OK,2026-05-15 00:00:00-04:00,159.3000030517578,160.69000244140625,154.02000427246094,154.22000122070312,1369900
ATI,OK,2026-05-18 00:00:00-04:00,156.52999877929688,157.02999877929688,148.86000061035156,149.6199951171875,1686000
ATI,OK,2026-05-19 00:00:00-04:00,149.1300048828125,151.92999267578125,146.33999633789062,150.44000244140625,1749100
ATI,OK,2026-05-20 00:00:00-04:00,152.44000244140625,155.07000732421875,151.11000061035156,153.72999572753906,1673700
ATI,OK,2026-05-21 00:00:00-04:00,153.0,161.42999267578125,150.82000732421875,160.41000366210938,1561400
ATI,OK,2026-05-22 00:00:00-04:00,161.05999755859375,164.3699951171875,159.11000061035156,162.2899932861328,1681700
ATI,OK,2026-05-26 00:00:00-04:00,165.0,169.6999969482422,164.0,168.75999450683594,1910900
ATI,OK,2026-05-27 00:00:00-04:00,169.33999633789062,171.41000366210938,165.0,169.83999633789062,1550400
ATI,OK,2026-05-28 00:00:00-04:00,169.24000549316406,170.9499969482422,167.25999450683594,170.52999877929688,1030100
BWXT,OK,2026-04-29 00:00:00-04:00,215.93090412827993,215.95088165401546,205.37502943918778,207.80178833007812,948500
BWXT,OK,2026-04-30 00:00:00-04:00,209.51949223540208,216.81971604112218,208.22122733861093,216.10067749023438,1241400
BWXT,OK,2026-05-01 00:00:00-04:00,216.70986235134478,217.9681721953073,212.715210510767,216.02078247070312,610000
BWXT,OK,2026-05-04 00:00:00-04:00,216.96950036967434,220.72448269895486,215.43156617878316,216.39027404785156,1059500
BWXT,OK,2026-05-05 00:00:00-04:00,217.47883286394787,226.81632221650182,202.77851315770798,205.87435913085938,1708900
BWXT,OK,2026-05-06 00:00:00-04:00,208.1712871077729,215.49148829756646,205.6746297540256,214.91226196289062,1028600
BWXT,OK,2026-05-07 00:00:00-04:00,215.72117193742497,215.94087899897133,203.2978180086057,209.60935974121094,1502400
BWXT,OK,2026-05-08 00:00:00-04:00,212.44556544536184,213.17460037173132,203.10807599013245,205.0554656982422,1007400
BWXT,OK,2026-05-11 00:00:00-04:00,201.38038260419438,211.81642287281323,198.96362003581152,210.51815795898438,1028500
BWXT,OK,2026-05-12 00:00:00-04:00,206.8530687397345,207.48221605751286,200.8810531241353,206.553466796875,1241100
BWXT,OK,2026-05-13 00:00:00-04:00,206.62336528178912,209.37968487003118,200.8810531241353,206.553466796875,1039900
BWXT,OK,2026-05-14 00:00:00-04:00,206.8830143622363,211.29710264425069,204.7658386077088,210.657958984375,1065300
BWXT,OK,2026-05-15 00:00:00-04:00,207.94159401691064,208.7205498739242,201.97957517703907,204.44627380371094,848800
BWXT,OK,2026-05-18 00:00:00-04:00,205.87436064677203,205.88435702882046,199.24323928120336,201.6699981689453,1012400
BWXT,OK,2026-05-19 00:00:00-04:00,198.94000244140625,201.25999450683594,193.0,197.3300018310547,1069900
BWXT,OK,2026-05-20 00:00:00-04:00,200.0,204.1999969482422,198.5,202.66000366210938,731300
BWXT,OK,2026-05-21 00:00:00-04:00,201.16000366210938,203.8699951171875,198.0,202.52000427246094,396700
BWXT,OK,2026-05-22 00:00:00-04:00,204.5500030517578,206.22000122070312,201.75,202.91000366210938,456800
BWXT,OK,2026-05-26 00:00:00-04:00,208.22999572753906,208.8300018310547,202.25,204.3800048828125,1114600
BWXT,OK,2026-05-27 00:00:00-04:00,204.27999877929688,204.5,198.0,198.9499969482422,664100
BWXT,OK,2026-05-28 00:00:00-04:00,198.83999633789062,200.41000366210938,196.0,199.27000427246094,920600
HXL,OK,2026-04-29 00:00:00-04:00,93.69677426853272,93.69677426853272,89.70458095750782,90.36329650878906,1205800
HXL,OK,2026-04-30 00:00:00-04:00,91.19168473372993,93.88641235860509,91.11183903452496,93.68680572509766,1302600
HXL,OK,2026-05-01 00:00:00-04:00,93.75666482357892,94.1958009215328,91.88032904453223,92.05000305175781,1100800
HXL,OK,2026-05-04 00:00:00-04:00,91.05999755859375,93.23999786376953,88.83000183105469,90.69000244140625,895500
HXL,OK,2026-05-05 00:00:00-04:00,91.69000244140625,93.88999938964844,90.93000030517578,92.86000061035156,678000
HXL,OK,2026-05-06 00:00:00-04:00,94.62999725341797,97.0999984741211,94.62999725341797,96.4800033569336,888400
HXL,OK,2026-05-07 00:00:00-04:00,96.94000244140625,97.12999725341797,94.81999969482422,95.7699966430664,889100
HXL,OK,2026-05-08 00:00:00-04:00,96.44000244140625,96.79000091552734,94.86000061035156,95.31999969482422,904500
HXL,OK,2026-05-11 00:00:00-04:00,95.04000091552734,95.11000061035156,93.16000366210938,94.1500015258789,664500
HXL,OK,2026-05-12 00:00:00-04:00,94.12999725341797,94.4000015258789,90.6500015258789,92.44999694824219,898500
HXL,OK,2026-05-13 00:00:00-04:00,92.69999694824219,94.01000213623047,90.55000305175781,92.56999969482422,985500
HXL,OK,2026-05-14 00:00:00-04:00,93.12999725341797,93.80000305175781,91.26000213623047,92.4800033569336,584700
HXL,OK,2026-05-15 00:00:00-04:00,91.66000366210938,91.79000091552734,88.3499984741211,88.6500015258789,751600
HXL,OK,2026-05-18 00:00:00-04:00,88.81999969482422,90.12000274658203,88.27999877929688,89.27999877929688,908200
HXL,OK,2026-05-19 00:00:00-04:00,88.77999877929688,89.41000366210938,87.5199966430664,88.30000305175781,880100
HXL,OK,2026-05-20 00:00:00-04:00,89.05999755859375,90.87999725341797,84.95999908447266,85.81999969482422,1781300
HXL,OK,2026-05-21 00:00:00-04:00,85.0,86.01000213623047,82.61000061035156,84.76000213623047,1151000
HXL,OK,2026-05-22 00:00:00-04:00,85.20999908447266,86.88999938964844,83.69000244140625,86.19000244140625,817400
HXL,OK,2026-05-26 00:00:00-04:00,87.05000305175781,89.16000366210938,86.91000366210938,87.95999908447266,612000
HXL,OK,2026-05-27 00:00:00-04:00,88.16999816894531,88.9800033569336,86.01000213623047,88.19999694824219,760500
HXL,OK,2026-05-28 00:00:00-04:00,88.36000061035156,92.02999877929688,87.41999816894531,91.08000183105469,1207700
IEMG,OK,2026-04-29 00:00:00-04:00,77.47000122070312,77.47000122070312,76.62999725341797,76.97000122070312,8878100
IEMG,OK,2026-04-30 00:00:00-04:00,77.58000183105469,78.70999908447266,77.18000030517578,78.48999786376953,14362500
IEMG,OK,2026-05-01 00:00:00-04:00,78.37999725341797,79.33000183105469,78.30999755859375,78.6500015258789,9601000
IEMG,OK,2026-05-04 00:00:00-04:00,78.95999908447266,79.44999694824219,78.19999694824219,78.58000183105469,9087500
IEMG,OK,2026-05-05 00:00:00-04:00,79.63999938964844,80.41999816894531,79.55999755859375,80.1500015258789,9947900
IEMG,OK,2026-05-06 00:00:00-04:00,81.77999877929688,82.63999938964844,81.51000213623047,82.55000305175781,8323400
IEMG,OK,2026-05-07 00:00:00-04:00,82.75,82.7699966430664,81.3499984741211,81.47000122070312,17709700
IEMG,OK,2026-05-08 00:00:00-04:00,82.31999969482422,83.0199966430664,82.29000091552734,83.01000213623047,10649800
IEMG,OK,2026-05-11 00:00:00-04:00,82.88999938964844,83.29000091552734,82.61000061035156,82.97000122070312,11954900
IEMG,OK,2026-05-12 00:00:00-04:00,81.04000091552734,81.29000091552734,79.51000213623047,80.44999694824219,15331600
IEMG,OK,2026-05-13 00:00:00-04:00,81.26000213623047,82.27999877929688,80.9000015258789,82.05000305175781,11723800
IEMG,OK,2026-05-14 00:00:00-04:00,81.83000183105469,82.43000030517578,81.66000366210938,82.29000091552734,7820400
IEMG,OK,2026-05-15 00:00:00-04:00,79.76000213623047,79.97000122070312,79.08999633789062,79.48999786376953,6871200
IEMG,OK,2026-05-18 00:00:00-04:00,80.31999969482422,80.31999969482422,78.72000122070312,79.41000366210938,10674700
IEMG,OK,2026-05-19 00:00:00-04:00,77.83000183105469,79.20999908447266,77.58000183105469,78.52999877929688,8828500
IEMG,OK,2026-05-20 00:00:00-04:00,78.75,80.02999877929688,78.61000061035156,79.94000244140625,9186400
IEMG,OK,2026-05-21 00:00:00-04:00,79.69000244140625,80.94000244140625,79.43000030517578,80.58000183105469,10684400
IEMG,OK,2026-05-22 00:00:00-04:00,80.7300033569336,81.19000244140625,80.4000015258789,80.56999969482422,10973900
IEMG,OK,2026-05-26 00:00:00-04:00,82.83000183105469,83.69999694824219,82.79000091552734,83.56999969482422,8542300
IEMG,OK,2026-05-27 00:00:00-04:00,83.8499984741211,84.0999984741211,82.91000366210938,83.45999908447266,11847500
IEMG,OK,2026-05-28 00:00:00-04:00,82.47000122070312,83.81999969482422,82.19000244140625,83.55999755859375,75649500
JEPQ,OK,2026-04-29 00:00:00-04:00,58.42159219831401,58.47604407920129,58.302789811223505,58.41169357299805,8509400
JEPQ,OK,2026-04-30 00:00:00-04:00,58.61959777355037,58.71365170754331,58.357240775211864,58.67900085449219,9209300
JEPQ,OK,2026-05-01 00:00:00-04:00,58.790000915527344,58.91999816894531,58.73699951171875,58.86000061035156,6698200
JEPQ,OK,2026-05-04 00:00:00-04:00,58.84000015258789,58.970001220703125,58.72999954223633,58.83000183105469,7081800
JEPQ,OK,2026-05-05 00:00:00-04:00,58.9900016784668,59.09000015258789,58.979000091552734,59.060001373291016,7339700
JEPQ,OK,2026-05-06 00:00:00-04:00,59.16999816894531,59.42900085449219,59.150001525878906,59.400001525878906,9005300
JEPQ,OK,2026-05-07 00:00:00-04:00,59.41999816894531,59.470001220703125,59.25,59.380001068115234,6630500
JEPQ,OK,2026-05-08 00:00:00-04:00,59.47999954223633,59.61000061035156,59.45000076293945,59.61000061035156,8261500
JEPQ,OK,2026-05-11 00:00:00-04:00,59.52000045776367,59.75,59.51499938964844,59.720001220703125,8153700
JEPQ,OK,2026-05-12 00:00:00-04:00,59.65999984741211,59.68000030517578,59.36000061035156,59.65999984741211,8161100
JEPQ,OK,2026-05-13 00:00:00-04:00,59.744998931884766,59.95000076293945,59.63999938964844,59.88999938964844,5053000
JEPQ,OK,2026-05-14 00:00:00-04:00,59.93000030517578,60.060001373291016,59.89500045776367,60.0099983215332,4884700
JEPQ,OK,2026-05-15 00:00:00-04:00,59.83000183105469,59.93000030517578,59.64500045776367,59.77000045776367,5900500
JEPQ,OK,2026-05-18 00:00:00-04:00,59.845001220703125,59.869998931884766,59.47999954223633,59.709999084472656,6327100
JEPQ,OK,2026-05-19 00:00:00-04:00,59.540000915527344,59.77000045776367,59.349998474121094,59.599998474121094,6495500
JEPQ,OK,2026-05-20 00:00:00-04:00,59.779998779296875,59.97999954223633,59.65999984741211,59.97999954223633,5680500
JEPQ,OK,2026-05-21 00:00:00-04:00,59.869998931884766,60.150001525878906,59.81999969482422,60.11000061035156,4513200
JEPQ,OK,2026-05-22 00:00:00-04:00,60.244998931884766,60.31999969482422,60.150001525878906,60.209999084472656,4937500
JEPQ,OK,2026-05-26 00:00:00-04:00,60.54499816894531,60.61000061035156,60.45000076293945,60.599998474121094,7961100
JEPQ,OK,2026-05-27 00:00:00-04:00,60.810001373291016,60.83000183105469,60.584999084472656,60.7599983215332,7502000
JEPQ,OK,2026-05-28 00:00:00-04:00,60.869998931884766,60.9900016784668,60.70000076293945,60.95000076293945,7147000
KTOS,OK,2026-04-29 00:00:00-04:00,61.7400016784668,61.7599983215332,59.060001373291016,59.560001373291016,3073900
KTOS,OK,2026-04-30 00:00:00-04:00,60.290000915527344,63.18000030517578,59.63999938964844,63.04999923706055,3154800
KTOS,OK,2026-05-01 00:00:00-04:00,63.40999984741211,63.5,60.95000076293945,62.04999923706055,2579800
KTOS,OK,2026-05-04 00:00:00-04:00,62.470001220703125,64.12999725341797,61.7599983215332,61.93000030517578,3116200
KTOS,OK,2026-05-05 00:00:00-04:00,62.689998626708984,62.790000915527344,58.0099983215332,59.310001373291016,4267900
KTOS,OK,2026-05-06 00:00:00-04:00,59.08000183105469,61.7400016784668,58.43000030517578,61.52000045776367,4402500
KTOS,OK,2026-05-07 00:00:00-04:00,61.540000915527344,61.540000915527344,56.290000915527344,57.0,5909400
KTOS,OK,2026-05-08 00:00:00-04:00,57.08000183105469,57.939998626708984,55.72999954223633,57.88999938964844,4323600
KTOS,OK,2026-05-11 00:00:00-04:00,56.869998931884766,57.709999084472656,55.0099983215332,56.9900016784668,6062800
KTOS,OK,2026-05-12 00:00:00-04:00,57.34000015258789,58.630001068115234,55.11000061035156,57.33000183105469,5095800
KTOS,OK,2026-05-13 00:00:00-04:00,56.40999984741211,56.5,51.84000015258789,52.4900016784668,9471900
KTOS,OK,2026-05-14 00:00:00-04:00,52.7599983215332,55.970001220703125,52.4900016784668,54.849998474121094,5498100
KTOS,OK,2026-05-15 00:00:00-04:00,53.4900016784668,53.900001525878906,51.65999984741211,52.09000015258789,4048700
KTOS,OK,2026-05-18 00:00:00-04:00,52.2599983215332,54.720001220703125,52.08000183105469,54.220001220703125,3734700
KTOS,OK,2026-05-19 00:00:00-04:00,54.2400016784668,54.59000015258789,52.779998779296875,53.470001220703125,2749700
KTOS,OK,2026-05-20 00:00:00-04:00,53.95000076293945,55.880001068115234,52.650001525878906,55.81999969482422,3929400
KTOS,OK,2026-05-21 00:00:00-04:00,55.0,55.029998779296875,53.810001373291016,54.66999816894531,2815000
KTOS,OK,2026-05-22 00:00:00-04:00,55.290000915527344,56.75,54.459999084472656,56.18000030517578,2949100
KTOS,OK,2026-05-26 00:00:00-04:00,57.65999984741211,59.29999923706055,55.900001525878906,56.79999923706055,4809100
KTOS,OK,2026-05-27 00:00:00-04:00,56.97999954223633,57.36000061035156,55.0,57.29999923706055,3232800
KTOS,OK,2026-05-28 00:00:00-04:00,63.959999084472656,66.83000183105469,61.0,65.19000244140625,11325400
LEU,OK,2026-04-29 00:00:00-04:00,207.1199951171875,207.6699981689453,189.5,191.97999572753906,1109900
LEU,OK,2026-04-30 00:00:00-04:00,195.3000030517578,211.16000366210938,194.47999572753906,210.9600067138672,782900
LEU,OK,2026-05-01 00:00:00-04:00,208.0800018310547,210.80999755859375,202.0,206.63999938964844,484200
LEU,OK,2026-05-04 00:00:00-04:00,207.16000366210938,210.7100067138672,202.0,206.9199981689453,678500
LEU,OK,2026-05-05 00:00:00-04:00,209.4199981689453,210.0,199.33999633789062,206.0399932861328,920900
LEU,OK,2026-05-06 00:00:00-04:00,206.0,231.3699951171875,198.3000030517578,231.32000732421875,1349000
LEU,OK,2026-05-07 00:00:00-04:00,232.0,235.0,204.22000122070312,206.3000030517578,1286000
LEU,OK,2026-05-08 00:00:00-04:00,210.5,210.5,200.25,207.3300018310547,732000
LEU,OK,2026-05-11 00:00:00-04:00,204.86000061035156,216.6999969482422,196.5,213.22000122070312,1087600
LEU,OK,2026-05-12 00:00:00-04:00,208.0,210.39999389648438,197.27999877929688,202.33999633789062,767900
LEU,OK,2026-05-13 00:00:00-04:00,205.3800048828125,205.75,192.30999755859375,192.30999755859375,725100
LEU,OK,2026-05-14 00:00:00-04:00,193.0,193.5800018310547,184.25999450683594,192.32000732421875,705800
LEU,OK,2026-05-15 00:00:00-04:00,182.00999450683594,183.5500030517578,178.5,182.60000610351562,914400
LEU,OK,2026-05-18 00:00:00-04:00,182.60000610351562,185.11000061035156,170.69000244140625,172.9499969482422,971800
LEU,OK,2026-05-19 00:00:00-04:00,170.0,173.2899932861328,163.27999877929688,169.0,949100
LEU,OK,2026-05-20 00:00:00-04:00,173.0,174.0,166.5,169.30999755859375,883400
LEU,OK,2026-05-21 00:00:00-04:00,168.82000732421875,178.91000366210938,167.80999755859375,177.14999389648438,807600
LEU,OK,2026-05-22 00:00:00-04:00,178.77000427246094,189.27000427246094,177.89999389648438,179.36000061035156,668700
LEU,OK,2026-05-26 00:00:00-04:00,185.05999755859375,189.08999633789062,180.60000610351562,183.36000061035156,850900
LEU,OK,2026-05-27 00:00:00-04:00,181.0,183.8000030517578,175.0,180.1300048828125,880800
LEU,OK,2026-05-28 00:00:00-04:00,176.88999938964844,185.92999267578125,175.0,185.4600067138672,643900
MOG-A,OK,2026-04-29 00:00:00-04:00,306.39603643198353,311.5610638521245,297.41466321000837,301.7304992675781,238600
MOG-A,OK,2026-04-30 00:00:00-04:00,302.9393522129852,306.4959373635521,299.8822877912994,301.02117919921875,266800
MOG-A,OK,2026-05-01 00:00:00-04:00,303.4188783434006,311.4811503773441,294.18774485521334,300.23193359375,207500
MOG-A,OK,2026-05-04 00:00:00-04:00,299.5126085031826,307.50493994276934,295.71626326470886,306.7057189941406,304600
MOG-A,OK,2026-05-05 00:00:00-04:00,310.3821716308594,314.69803775150626,306.8655569149565,310.3821716308594,271600
MOG-A,OK,2026-05-06 00:00:00-04:00,314.90784375037254,320.44254186443476,311.3512586632113,318.254638671875,219800
MOG-A,OK,2026-05-07 00:00:00-04:00,320.9120832450379,321.90112448561507,314.9278349497085,315.98681640625,220800
MOG-A,OK,2026-05-08 00:00:00-04:00,317.8950071199173,319.3435989546421,312.72994931862985,313.7789306640625,205500
MOG-A,OK,2026-05-11 00:00:00-04:00,313.9987251821742,316.5063290549437,310.681930637447,312.6700134277344,225000
MOG-A,OK,2026-05-12 00:00:00-04:00,313.32000732421875,313.32000732421875,303.19000244140625,307.9100036621094,146000
MOG-A,OK,2026-05-13 00:00:00-04:00,308.0,310.82000732421875,304.45001220703125,307.8900146484375,126300
MOG-A,OK,2026-05-14 00:00:00-04:00,310.0899963378906,314.989990234375,307.8299865722656,313.6400146484375,189500
MOG-A,OK,2026-05-15 00:00:00-04:00,309.2799987792969,309.2799987792969,299.3900146484375,303.6099853515625,313200
MOG-A,OK,2026-05-18 00:00:00-04:00,304.6000061035156,309.54998779296875,304.04998779296875,306.20001220703125,138800
MOG-A,OK,2026-05-19 00:00:00-04:00,304.04998779296875,307.5899963378906,299.7799987792969,304.1499938964844,246600
MOG-A,OK,2026-05-20 00:00:00-04:00,306.5400085449219,316.7799987792969,304.0,316.5799865722656,239300
MOG-A,OK,2026-05-21 00:00:00-04:00,314.0299987792969,317.8900146484375,310.0,314.95001220703125,243200
MOG-A,OK,2026-05-22 00:00:00-04:00,318.260009765625,321.9700012207031,312.0199890136719,318.94000244140625,173800
MOG-A,OK,2026-05-26 00:00:00-04:00,325.05999755859375,348.8900146484375,325.0,342.6099853515625,652500
MOG-A,OK,2026-05-27 00:00:00-04:00,344.0,347.3999938964844,339.2099914550781,343.17999267578125,356400
MOG-A,OK,2026-05-28 00:00:00-04:00,344.8900146484375,359.0199890136719,340.2300109863281,356.94000244140625,304200
MP,OK,2026-04-29 00:00:00-04:00,62.09000015258789,62.95000076293945,60.20000076293945,61.29999923706055,4282800
MP,OK,2026-04-30 00:00:00-04:00,61.70000076293945,66.19000244140625,61.25,66.04000091552734,5593500
MP,OK,2026-05-01 00:00:00-04:00,65.56999969482422,67.33999633789062,63.52000045776367,66.62999725341797,5461400
MP,OK,2026-05-04 00:00:00-04:00,69.0,69.69999694824219,65.64600372314453,66.19999694824219,6170600
MP,OK,2026-05-05 00:00:00-04:00,67.19000244140625,69.02999877929688,65.0,68.05999755859375,5591000
MP,OK,2026-05-06 00:00:00-04:00,69.48999786376953,73.0999984741211,67.61000061035156,72.6500015258789,8598100
MP,OK,2026-05-07 00:00:00-04:00,73.20999908447266,73.58000183105469,68.19999694824219,69.12999725341797,8668900
MP,OK,2026-05-08 00:00:00-04:00,73.69999694824219,76.80000305175781,66.51000213623047,67.43000030517578,11619400
MP,OK,2026-05-11 00:00:00-04:00,67.05000305175781,70.4000015258789,64.25,67.41000366210938,7260200
MP,OK,2026-05-12 00:00:00-04:00,66.0,67.56999969482422,63.20000076293945,65.58999633789062,5822900
MP,OK,2026-05-13 00:00:00-04:00,64.77999877929688,65.61000061035156,62.16999816894531,63.72999954223633,6381300
MP,OK,2026-05-14 00:00:00-04:00,62.63999938964844,62.63999938964844,58.974998474121094,60.310001373291016,9899500
MP,OK,2026-05-15 00:00:00-04:00,60.39500045776367,62.279998779296875,59.68000030517578,61.27000045776367,5219500
MP,OK,2026-05-18 00:00:00-04:00,61.0,61.11899948120117,55.04999923706055,56.66999816894531,9091100
MP,OK,2026-05-19 00:00:00-04:00,56.2599983215332,56.66999816894531,54.5099983215332,54.93000030517578,5088200
MP,OK,2026-05-20 00:00:00-04:00,56.744998931884766,56.81999969482422,53.56999969482422,56.5,7744800
MP,OK,2026-05-21 00:00:00-04:00,58.099998474121094,62.95000076293945,58.099998474121094,61.7400016784668,10528200
MP,OK,2026-05-22 00:00:00-04:00,63.060001373291016,65.59500122070312,62.91600036621094,64.45999908447266,6847800
MP,OK,2026-05-26 00:00:00-04:00,64.70999908447266,69.46299743652344,63.34000015258789,66.98999786376953,8552700
MP,OK,2026-05-27 00:00:00-04:00,67.20999908447266,67.30000305175781,64.08000183105469,65.20999908447266,5072200
MP,OK,2026-05-28 00:00:00-04:00,64.66000366210938,68.44999694824219,64.02999877929688,66.83000183105469,5255800
NASA,OK,2026-04-29 00:00:00-04:00,28.25,28.260000228881836,27.309999465942383,27.799999237060547,998400
NASA,OK,2026-04-30 00:00:00-04:00,28.329999923706055,29.469999313354492,28.329999923706055,29.389999389648438,916200
NASA,OK,2026-05-01 00:00:00-04:00,29.969999313354492,30.0,28.809999465942383,29.219999313354492,834300
NASA,OK,2026-05-04 00:00:00-04:00,29.299999237060547,29.479999542236328,28.829999923706055,29.280000686645508,1101700
NASA,OK,2026-05-05 00:00:00-04:00,29.989999771118164,29.989999771118164,28.799999237060547,29.1200008392334,884600
NASA,OK,2026-05-06 00:00:00-04:00,29.3700008392334,30.459999084472656,29.139999389648438,30.43000030517578,1132900
NASA,OK,2026-05-07 00:00:00-04:00,31.0,31.010000228881836,29.399999618530273,29.579999923706055,1334300
NASA,OK,2026-05-08 00:00:00-04:00,30.450000762939453,32.119998931884766,30.25,32.09000015258789,1800300
NASA,OK,2026-05-11 00:00:00-04:00,32.560001373291016,34.40999984741211,32.25,33.95000076293945,5513700
NASA,OK,2026-05-12 00:00:00-04:00,33.06999969482422,33.959999084472656,32.33000183105469,33.52000045776367,3866400
NASA,OK,2026-05-13 00:00:00-04:00,34.279998779296875,34.900001525878906,33.400001525878906,34.56999969482422,5488000
NASA,OK,2026-05-14 00:00:00-04:00,34.709999084472656,36.08000183105469,34.29999923706055,35.90999984741211,5239800
NASA,OK,2026-05-15 00:00:00-04:00,34.630001068115234,35.130001068115234,34.08000183105469,34.5099983215332,4683600
NASA,OK,2026-05-18 00:00:00-04:00,36.31999969482422,37.79999923706055,34.900001525878906,35.810001373291016,13275200
NASA,OK,2026-05-19 00:00:00-04:00,35.849998474121094,36.099998474121094,34.02000045776367,35.75,5534900
NASA,OK,2026-05-20 00:00:00-04:00,35.849998474121094,36.93000030517578,35.290000915527344,36.790000915527344,6200600
NASA,OK,2026-05-21 00:00:00-04:00,36.470001220703125,37.29999923706055,36.099998474121094,36.52000045776367,7495200
NASA,OK,2026-05-22 00:00:00-04:00,37.54999923706055,38.95000076293945,37.36000061035156,38.7599983215332,10743700
NASA,OK,2026-05-26 00:00:00-04:00,41.939998626708984,42.68000030517578,40.869998931884766,41.61000061035156,23220800
NASA,OK,2026-05-27 00:00:00-04:00,42.43000030517578,42.470001220703125,40.709999084472656,41.88999938964844,20632300
NASA,OK,2026-05-28 00:00:00-04:00,41.599998474121094,42.13999938964844,40.63999938964844,41.83000183105469,9992500
NLR,OK,2026-04-29 00:00:00-04:00,142.0,142.24000549316406,137.17999267578125,137.55999755859375,252700
NLR,OK,2026-04-30 00:00:00-04:00,138.97000122070312,146.0500030517578,138.39999389648438,145.97000122070312,476700
NLR,OK,2026-05-01 00:00:00-04:00,144.60000610351562,144.7100067138672,142.60000610351562,144.0,276200
NLR,OK,2026-05-04 00:00:00-04:00,143.86000061035156,146.0,142.61000061035156,143.4600067138672,313900
NLR,OK,2026-05-05 00:00:00-04:00,145.1199951171875,145.85000610351562,140.77999877929688,141.3699951171875,539500
NLR,OK,2026-05-06 00:00:00-04:00,143.6300048828125,149.4600067138672,141.16000366210938,149.25,524400
NLR,OK,2026-05-07 00:00:00-04:00,148.4499969482422,149.3000030517578,143.30999755859375,144.13999938964844,840500
NLR,OK,2026-05-08 00:00:00-04:00,144.8800048828125,144.8800048828125,140.4199981689453,140.8800048828125,503500
NLR,OK,2026-05-11 00:00:00-04:00,142.72999572753906,147.57000732421875,140.94000244140625,145.64999389648438,582600
NLR,OK,2026-05-12 00:00:00-04:00,142.4499969482422,142.89999389648438,136.3300018310547,139.89999389648438,842900
NLR,OK,2026-05-13 00:00:00-04:00,139.30999755859375,139.30999755859375,134.75999450683594,136.39999389648438,552600
NLR,OK,2026-05-14 00:00:00-04:00,136.3300018310547,136.3300018310547,132.50999450683594,134.60000610351562,531600
NLR,OK,2026-05-15 00:00:00-04:00,132.57000732421875,132.57000732421875,129.4600067138672,129.67999267578125,670000
NLR,OK,2026-05-18 00:00:00-04:00,130.75,130.75,126.08000183105469,127.52999877929688,518700
NLR,OK,2026-05-19 00:00:00-04:00,126.58999633789062,126.72000122070312,123.58000183105469,125.05999755859375,483200
NLR,OK,2026-05-20 00:00:00-04:00,126.52999877929688,128.47000122070312,125.25,127.83999633789062,484900
NLR,OK,2026-05-21 00:00:00-04:00,127.9000015258789,131.33999633789062,126.5,129.9499969482422,508100
NLR,OK,2026-05-22 00:00:00-04:00,130.75,132.5800018310547,130.4199981689453,130.85000610351562,351100
NLR,OK,2026-05-26 00:00:00-04:00,133.38999938964844,135.66000366210938,133.14999389648438,134.61000061035156,539300
NLR,OK,2026-05-27 00:00:00-04:00,133.41000366210938,133.6999969482422,131.3800048828125,132.52000427246094,601200
NLR,OK,2026-05-28 00:00:00-04:00,131.22999572753906,133.97000122070312,130.5,133.30999755859375,313800
NVDA,OK,2026-04-29 00:00:00-04:00,212.6999969482422,212.72000122070312,207.5800018310547,209.25,123711800
NVDA,OK,2026-04-30 00:00:00-04:00,209.92999267578125,210.3000030517578,198.6999969482422,199.57000732421875,225239200
NVDA,OK,2026-05-01 00:00:00-04:00,201.27999877929688,203.0,197.1199951171875,198.4499969482422,128647000
NVDA,OK,2026-05-04 00:00:00-04:00,199.5,201.72999572753906,194.74000549316406,198.47999572753906,125368100
NVDA,OK,2026-05-05 00:00:00-04:00,199.3000030517578,200.24000549316406,196.02999877929688,196.5,113406600
NVDA,OK,2026-05-06 00:00:00-04:00,199.88999938964844,208.27000427246094,198.61000061035156,207.8300018310547,188362800
NVDA,OK,2026-05-07 00:00:00-04:00,208.33999633789062,214.1999969482422,206.5,211.5,168307900
NVDA,OK,2026-05-08 00:00:00-04:00,213.02999877929688,217.8000030517578,212.88999938964844,215.1999969482422,136421400
NVDA,OK,2026-05-11 00:00:00-04:00,214.0399932861328,222.3000030517578,213.88999938964844,219.44000244140625,160685800
NVDA,OK,2026-05-12 00:00:00-04:00,218.5500030517578,223.75,214.9199981689453,220.77999877929688,159176600
NVDA,OK,2026-05-13 00:00:00-04:00,224.92999267578125,227.83999633789062,221.57000732421875,225.8300018310547,150405400
NVDA,OK,2026-05-14 00:00:00-04:00,229.85000610351562,236.5399932861328,229.3000030517578,235.74000549316406,180782900
NVDA,OK,2026-05-15 00:00:00-04:00,229.75999450683594,231.5,224.24000549316406,225.32000732421875,180977600
NVDA,OK,2026-05-18 00:00:00-04:00,229.8699951171875,230.0,218.3699951171875,222.32000732421875,146280900
NVDA,OK,2026-05-19 00:00:00-04:00,219.6199951171875,224.47999572753906,217.91000366210938,220.61000061035156,140948200
NVDA,OK,2026-05-20 00:00:00-04:00,223.17999267578125,226.1300048828125,220.5,223.47000122070312,184201600
NVDA,OK,2026-05-21 00:00:00-04:00,222.2899932861328,227.39999389648438,217.92999267578125,219.50999450683594,203381800
NVDA,OK,2026-05-22 00:00:00-04:00,220.89999389648438,221.00999450683594,214.8000030517578,215.3300018310547,169275700
NVDA,OK,2026-05-26 00:00:00-04:00,216.5399932861328,218.17999267578125,212.0,214.86000061035156,187202600
NVDA,OK,2026-05-27 00:00:00-04:00,214.1199951171875,214.14999389648438,208.77999877929688,212.60000610351562,167601200
NVDA,OK,2026-05-28 00:00:00-04:00,211.27999877929688,215.52000427246094,211.22000122070312,214.25,143443500
OKLO,OK,2026-04-29 00:00:00-04:00,70.54000091552734,70.5999984741211,63.20000076293945,64.9800033569336,16156500
OKLO,OK,2026-04-30 00:00:00-04:00,65.54000091552734,72.83999633789062,65.26100158691406,72.5,14651900
OKLO,OK,2026-05-01 00:00:00-04:00,71.68000030517578,71.68000030517578,68.47000122070312,70.4000015258789,10510600
OKLO,OK,2026-05-04 00:00:00-04:00,70.4540023803711,72.30000305175781,68.5,68.5999984741211,8854500
OKLO,OK,2026-05-05 00:00:00-04:00,69.01000213623047,69.23999786376953,66.08000183105469,68.37999725341797,8280400
OKLO,OK,2026-05-06 00:00:00-04:00,71.20999908447266,80.08000183105469,69.25,79.62000274658203,23036800
OKLO,OK,2026-05-07 00:00:00-04:00,78.0,79.5,70.87000274658203,71.83000183105469,14637200
OKLO,OK,2026-05-08 00:00:00-04:00,73.69999694824219,74.0,70.0,72.51000213623047,10013600
OKLO,OK,2026-05-11 00:00:00-04:00,71.41000366210938,79.6500015258789,69.22000122070312,78.12999725341797,17333300
OKLO,OK,2026-05-12 00:00:00-04:00,75.7300033569336,76.68000030517578,70.30000305175781,73.62999725341797,15654900
OKLO,OK,2026-05-13 00:00:00-04:00,73.37000274658203,73.4000015258789,68.0999984741211,69.66000366210938,14287300
OKLO,OK,2026-05-14 00:00:00-04:00,67.38999938964844,67.69999694824219,64.66000366210938,67.20999908447266,14828100
OKLO,OK,2026-05-15 00:00:00-04:00,64.80000305175781,65.0,61.72999954223633,62.25,11851900
OKLO,OK,2026-05-18 00:00:00-04:00,62.45000076293945,63.0,56.79999923706055,58.560001373291016,14527900
OKLO,OK,2026-05-19 00:00:00-04:00,56.72999954223633,57.77000045776367,53.95500183105469,55.880001068115234,11768800
OKLO,OK,2026-05-20 00:00:00-04:00,57.560001373291016,62.900001525878906,56.63999938964844,62.58000183105469,13890200
OKLO,OK,2026-05-21 00:00:00-04:00,61.91999816894531,65.29000091552734,61.099998474121094,65.08999633789062,10385900
OKLO,OK,2026-05-22 00:00:00-04:00,66.81999969482422,69.71700286865234,65.12999725341797,65.87999725341797,11410700
OKLO,OK,2026-05-26 00:00:00-04:00,71.87000274658203,73.29000091552734,68.08000183105469,68.69999694824219,18505700
OKLO,OK,2026-05-27 00:00:00-04:00,69.33999633789062,69.5199966430664,65.37000274658203,67.81999969482422,10469900
OKLO,OK,2026-05-28 00:00:00-04:00,66.4800033569336,70.97799682617188,65.62000274658203,68.08999633789062,12182900
QCOM,OK,2026-04-29 00:00:00-04:00,151.4499969482422,157.2899932861328,151.0,156.0,37571200
QCOM,OK,2026-04-30 00:00:00-04:00,172.0500030517578,186.88999938964844,163.55999755859375,179.5800018310547,61132700
QCOM,OK,2026-05-01 00:00:00-04:00,179.1300048828125,179.99000549316406,171.14999389648438,177.00999450683594,21111500
QCOM,OK,2026-05-04 00:00:00-04:00,177.22000122070312,180.49000549316406,166.8300018310547,168.3800048828125,23117400
QCOM,OK,2026-05-05 00:00:00-04:00,167.64999389648438,187.22000122070312,164.7899932861328,186.5500030517578,34274900
QCOM,OK,2026-05-06 00:00:00-04:00,195.17999267578125,197.5,188.22000122070312,192.57000732421875,30145000
QCOM,OK,2026-05-07 00:00:00-04:00,190.6699981689453,223.66000366210938,187.63999938964844,202.5500030517578,51092200
QCOM,OK,2026-05-08 00:00:00-04:00,213.0,228.0500030517578,208.6300048828125,219.08999633789062,37850000
QCOM,OK,2026-05-11 00:00:00-04:00,232.00999450683594,247.89999389648438,231.1999969482422,237.52999877929688,45474000
QCOM,OK,2026-05-12 00:00:00-04:00,229.83999633789062,230.0,202.0,210.30999755859375,38590100
QCOM,OK,2026-05-13 00:00:00-04:00,216.6300048828125,219.49000549316406,207.14999389648438,213.1699981689453,26226300
QCOM,OK,2026-05-14 00:00:00-04:00,208.50999450683594,209.52999877929688,199.66000366210938,200.0800018310547,24883900
QCOM,OK,2026-05-15 00:00:00-04:00,201.64999389648438,207.39999389648438,199.16000366210938,201.49000549316406,25876800
QCOM,OK,2026-05-18 00:00:00-04:00,206.77000427246094,210.8000030517578,193.5800018310547,203.63999938964844,21082500
QCOM,OK,2026-05-19 00:00:00-04:00,196.86000061035156,201.5,191.02000427246094,195.61000061035156,19605200
QCOM,OK,2026-05-20 00:00:00-04:00,197.0,203.58999633789062,194.0,202.50999450683594,19037500
QCOM,OK,2026-05-21 00:00:00-04:00,202.77999877929688,214.00999450683594,197.60000610351562,213.41000366210938,28163700
QCOM,OK,2026-05-22 00:00:00-04:00,214.42999267578125,243.0,214.1699981689453,238.16000366210938,30375700
QCOM,OK,2026-05-26 00:00:00-04:00,240.72000122070312,258.0,235.8000030517578,248.82000732421875,30646400
QCOM,OK,2026-05-27 00:00:00-04:00,245.42999267578125,248.27000427246094,224.17999267578125,233.39999389648438,25694700
QCOM,OK,2026-05-28 00:00:00-04:00,236.0,249.4600067138672,231.52000427246094,243.2899932861328,21076700
REXC,OK,2026-04-29 00:00:00-04:00,21.889999389648438,21.889999389648438,21.3799991607666,21.559999465942383,186100
REXC,OK,2026-04-30 00:00:00-04:00,21.799999237060547,22.639999389648438,21.770000457763672,22.610000610351562,141000
REXC,OK,2026-05-01 00:00:00-04:00,22.59000015258789,22.670000076293945,22.100000381469727,22.600000381469727,143300
REXC,OK,2026-05-04 00:00:00-04:00,22.700000762939453,22.700000762939453,21.899999618530273,21.989999771118164,178800
REXC,OK,2026-05-05 00:00:00-04:00,22.100000381469727,22.56999969482422,22.09000015258789,22.420000076293945,87400
REXC,OK,2026-05-06 00:00:00-04:00,23.059999465942383,23.770000457763672,22.84000015258789,23.719999313354492,171900
REXC,OK,2026-05-07 00:00:00-04:00,24.610000610351562,25.389999389648438,22.739999771118164,22.920000076293945,241400
REXC,OK,2026-05-08 00:00:00-04:00,23.5,23.540000915527344,22.559999465942383,22.90999984741211,145100
REXC,OK,2026-05-11 00:00:00-04:00,22.950000762939453,23.350000381469727,22.399999618530273,22.940000534057617,230700
REXC,OK,2026-05-12 00:00:00-04:00,22.719999313354492,22.809999465942383,21.899999618530273,22.479999542236328,174000
REXC,OK,2026-05-13 00:00:00-04:00,22.93000030517578,23.0,22.40999984741211,22.709999084472656,89900
REXC,OK,2026-05-14 00:00:00-04:00,22.290000915527344,22.290000915527344,21.3799991607666,21.729999542236328,192200
REXC,OK,2026-05-15 00:00:00-04:00,21.149999618530273,21.3700008392334,21.0,21.110000610351562,97700
REXC,OK,2026-05-18 00:00:00-04:00,21.5,21.5,20.399999618530273,20.68000030517578,128900
REXC,OK,2026-05-19 00:00:00-04:00,20.670000076293945,20.670000076293945,19.6200008392334,19.829999923706055,109900
REXC,OK,2026-05-20 00:00:00-04:00,20.059999465942383,20.670000076293945,19.850000381469727,20.6299991607666,151100
REXC,OK,2026-05-21 00:00:00-04:00,20.899999618530273,21.540000915527344,20.81999969482422,21.329999923706055,95100
REXC,OK,2026-05-22 00:00:00-04:00,21.850000381469727,22.100000381469727,21.639999389648438,21.860000610351562,103100
REXC,OK,2026-05-26 00:00:00-04:00,22.15999984741211,22.850000381469727,22.049999237060547,22.649999618530273,152900
REXC,OK,2026-05-27 00:00:00-04:00,22.670000076293945,22.670000076293945,22.190000534057617,22.450000762939453,98700
REXC,OK,2026-05-28 00:00:00-04:00,22.440000534057617,23.0,22.059999465942383,22.8799991607666,131100
RKLB,OK,2026-04-29 00:00:00-04:00,77.86000061035156,78.01000213623047,73.98999786376953,77.0199966430664,17751400
RKLB,OK,2026-04-30 00:00:00-04:00,77.55000305175781,83.58999633789062,77.47000122070312,82.51000213623047,17604200
RKLB,OK,2026-05-01 00:00:00-04:00,83.52999877929688,83.79000091552734,78.43000030517578,78.80999755859375,16378800
RKLB,OK,2026-05-04 00:00:00-04:00,78.36000061035156,81.83300018310547,76.25,80.30999755859375,16241300
RKLB,OK,2026-05-05 00:00:00-04:00,82.5999984741211,83.0,76.55999755859375,78.76000213623047,17126000
RKLB,OK,2026-05-06 00:00:00-04:00,79.62000274658203,84.68000030517578,78.86000061035156,84.6500015258789,19779200
RKLB,OK,2026-05-07 00:00:00-04:00,84.70999908447266,84.79000091552734,77.93000030517578,78.58000183105469,22942900
RKLB,OK,2026-05-08 00:00:00-04:00,86.03500366210938,105.62000274658203,85.87000274658203,105.47000122070312,79927300
RKLB,OK,2026-05-11 00:00:00-04:00,105.2699966430664,123.94000244140625,104.0,117.3499984741211,54779700
RKLB,OK,2026-05-12 00:00:00-04:00,112.76000213623047,121.48999786376953,112.41000366210938,117.55999755859375,34195200
RKLB,OK,2026-05-13 00:00:00-04:00,123.8949966430664,127.23999786376953,116.88999938964844,124.1500015258789,26587400
RKLB,OK,2026-05-14 00:00:00-04:00,123.0999984741211,133.17999267578125,121.30999755859375,132.5500030517578,25324100
RKLB,OK,2026-05-15 00:00:00-04:00,128.10000610351562,130.3699951171875,121.80000305175781,124.7699966430664,22469100
RKLB,OK,2026-05-18 00:00:00-04:00,132.7550048828125,138.3800048828125,125.6709976196289,131.16000366210938,32319500
RKLB,OK,2026-05-19 00:00:00-04:00,125.97000122070312,129.57000732421875,115.2300033569336,127.30999755859375,30076900
RKLB,OK,2026-05-20 00:00:00-04:00,127.4800033569336,135.35000610351562,124.22000122070312,134.27999877929688,24347700
RKLB,OK,2026-05-21 00:00:00-04:00,126.13999938964844,130.8699951171875,123.80000305175781,125.44999694824219,30826400
RKLB,OK,2026-05-22 00:00:00-04:00,131.41000366210938,139.75999450683594,131.30999755859375,135.75999450683594,32970700
RKLB,OK,2026-05-26 00:00:00-04:00,141.96499633789062,146.0,138.55999755859375,143.1999969482422,32920000
RKLB,OK,2026-05-27 00:00:00-04:00,149.72000122070312,151.0,137.91000366210938,150.22999572753906,29193300
RKLB,OK,2026-05-28 00:00:00-04:00,147.1699981689453,150.8300018310547,142.3699951171875,148.02999877929688,20372500
SCHP,OK,2026-04-29 00:00:00-04:00,26.78396290437781,26.78396290437781,26.71421330288875,26.734142303466797,3019300
SCHP,OK,2026-04-30 00:00:00-04:00,26.754071167370444,26.793927267788828,26.72417766665609,26.77400016784668,3310700
SCHP,OK,2026-05-01 00:00:00-04:00,26.84000015258789,26.889999389648438,26.81999969482422,26.860000610351562,4210200
SCHP,OK,2026-05-04 00:00:00-04:00,26.829999923706055,26.84000015258789,26.770000457763672,26.799999237060547,3785700
SCHP,OK,2026-05-05 00:00:00-04:00,26.799999237060547,26.81999969482422,26.770000457763672,26.780000686645508,2634500
SCHP,OK,2026-05-06 00:00:00-04:00,26.809999465942383,26.81999969482422,26.780000686645508,26.809999465942383,2886200
SCHP,OK,2026-05-07 00:00:00-04:00,26.81999969482422,26.81999969482422,26.75,26.780000686645508,3233700
SCHP,OK,2026-05-08 00:00:00-04:00,26.850000381469727,26.8799991607666,26.84000015258789,26.860000610351562,2206700
SCHP,OK,2026-05-11 00:00:00-04:00,26.860000610351562,26.8700008392334,26.829999923706055,26.850000381469727,2006000
SCHP,OK,2026-05-12 00:00:00-04:00,26.829999923706055,26.84000015258789,26.780000686645508,26.780000686645508,3470300
SCHP,OK,2026-05-13 00:00:00-04:00,26.81999969482422,26.81999969482422,26.770000457763672,26.790000915527344,2668500
SCHP,OK,2026-05-14 00:00:00-04:00,26.829999923706055,26.84000015258789,26.770000457763672,26.770000457763672,2393000
SCHP,OK,2026-05-15 00:00:00-04:00,26.68000030517578,26.690000534057617,26.639999389648438,26.65999984741211,3423900
SCHP,OK,2026-05-18 00:00:00-04:00,26.670000076293945,26.68000030517578,26.6200008392334,26.639999389648438,3015200
SCHP,OK,2026-05-19 00:00:00-04:00,26.56999969482422,26.59000015258789,26.510000228881836,26.549999237060547,9474500
SCHP,OK,2026-05-20 00:00:00-04:00,26.549999237060547,26.639999389648438,26.549999237060547,26.610000610351562,6785100
SCHP,OK,2026-05-21 00:00:00-04:00,26.600000381469727,26.6200008392334,26.56999969482422,26.6200008392334,4962200
SCHP,OK,2026-05-22 00:00:00-04:00,26.639999389648438,26.649999618530273,26.549999237060547,26.6299991607666,3217400
SCHP,OK,2026-05-26 00:00:00-04:00,26.700000762939453,26.729999542236328,26.68000030517578,26.719999313354492,3494100
SCHP,OK,2026-05-27 00:00:00-04:00,26.739999771118164,26.770000457763672,26.729999542236328,26.75,2462000
SCHP,OK,2026-05-28 00:00:00-04:00,26.770000457763672,26.829999923706055,26.770000457763672,26.81999969482422,2865200
SGOV,OK,2026-04-29 00:00:00-04:00,100.36203672617656,100.37200164794922,100.35206419759339,100.37200164794922,15120100
SGOV,OK,2026-04-30 00:00:00-04:00,100.37200164794922,100.38197417653238,100.37200164794922,100.37200164794922,26075200
SGOV,OK,2026-05-01 00:00:00-04:00,100.41000366210938,100.41000366210938,100.4000015258789,100.41000366210938,33809700
SGOV,OK,2026-05-04 00:00:00-04:00,100.41999816894531,100.41999816894531,100.41000366210938,100.41999816894531,20782300
SGOV,OK,2026-05-05 00:00:00-04:00,100.43000030517578,100.43000030517578,100.41999816894531,100.43000030517578,17147100
SGOV,OK,2026-05-06 00:00:00-04:00,100.44000244140625,100.44000244140625,100.43000030517578,100.44000244140625,20551200
SGOV,OK,2026-05-07 00:00:00-04:00,100.44999694824219,100.44999694824219,100.44000244140625,100.44999694824219,17277100
SGOV,OK,2026-05-08 00:00:00-04:00,100.4800033569336,100.4800033569336,100.47000122070312,100.4800033569336,20272100
SGOV,OK,2026-05-11 00:00:00-04:00,100.48999786376953,100.48999786376953,100.4800033569336,100.48999786376953,21436300
SGOV,OK,2026-05-12 00:00:00-04:00,100.48999786376953,100.5,100.48999786376953,100.5,18313600
SGOV,OK,2026-05-13 00:00:00-04:00,100.51000213623047,100.51000213623047,100.5,100.51000213623047,16770500
SGOV,OK,2026-05-14 00:00:00-04:00,100.5199966430664,100.5199966430664,100.51000213623047,100.5199966430664,15723900
SGOV,OK,2026-05-15 00:00:00-04:00,100.55000305175781,100.55000305175781,100.54000091552734,100.55000305175781,18242400
SGOV,OK,2026-05-18 00:00:00-04:00,100.55999755859375,100.55999755859375,100.55000305175781,100.55999755859375,23561200
SGOV,OK,2026-05-19 00:00:00-04:00,100.56999969482422,100.56999969482422,100.55999755859375,100.56999969482422,20454400
SGOV,OK,2026-05-20 00:00:00-04:00,100.58000183105469,100.58000183105469,100.56999969482422,100.58000183105469,16940900
SGOV,OK,2026-05-21 00:00:00-04:00,100.58999633789062,100.58999633789062,100.58000183105469,100.58000183105469,17360100
SGOV,OK,2026-05-22 00:00:00-04:00,100.625,100.62999725341797,100.62000274658203,100.62999725341797,18433400
SGOV,OK,2026-05-26 00:00:00-04:00,100.63999938964844,100.63999938964844,100.62999725341797,100.63999938964844,21664500
SGOV,OK,2026-05-27 00:00:00-04:00,100.63999938964844,100.6500015258789,100.63999938964844,100.6500015258789,15484000
SGOV,OK,2026-05-28 00:00:00-04:00,100.65799713134766,100.66000366210938,100.6500015258789,100.6500015258789,16371200
SHLD,OK,2026-04-29 00:00:00-04:00,67.61000061035156,67.68000030517578,66.37999725341797,66.58999633789062,1759600
SHLD,OK,2026-04-30 00:00:00-04:00,67.05999755859375,68.27999877929688,67.05000305175781,68.20999908447266,1684100
SHLD,OK,2026-05-01 00:00:00-04:00,68.36000061035156,68.37000274658203,67.80000305175781,67.91999816894531,1364800
SHLD,OK,2026-05-04 00:00:00-04:00,68.12999725341797,69.02999877929688,67.98100280761719,68.08000183105469,1619700
SHLD,OK,2026-05-05 00:00:00-04:00,68.76000213623047,68.79000091552734,67.33000183105469,67.52999877929688,1665900
SHLD,OK,2026-05-06 00:00:00-04:00,67.37999725341797,68.16000366210938,66.80799865722656,67.95999908447266,1667300
SHLD,OK,2026-05-07 00:00:00-04:00,66.94999694824219,67.0,65.47000122070312,65.91000366210938,3554400
SHLD,OK,2026-05-08 00:00:00-04:00,65.58000183105469,65.63999938964844,64.91000366210938,65.25,1977400
SHLD,OK,2026-05-11 00:00:00-04:00,64.33999633789062,64.93499755859375,64.06999969482422,64.75,2862100
SHLD,OK,2026-05-12 00:00:00-04:00,64.23999786376953,64.7300033569336,63.869998931884766,64.63999938964844,1291200
SHLD,OK,2026-05-13 00:00:00-04:00,63.790000915527344,63.974998474121094,62.92499923706055,63.790000915527344,1944000
SHLD,OK,2026-05-14 00:00:00-04:00,63.81999969482422,64.38999938964844,63.79999923706055,64.0999984741211,1439300
SHLD,OK,2026-05-15 00:00:00-04:00,63.27000045776367,63.36000061035156,62.209999084472656,62.34000015258789,1345400
SHLD,OK,2026-05-18 00:00:00-04:00,62.90999984741211,63.685001373291016,62.814998626708984,63.650001525878906,1631500
SHLD,OK,2026-05-19 00:00:00-04:00,64.16999816894531,64.55000305175781,63.625,64.0199966430664,4885400
SHLD,OK,2026-05-20 00:00:00-04:00,64.2300033569336,64.63999938964844,63.7400016784668,64.5999984741211,1876100
SHLD,OK,2026-05-21 00:00:00-04:00,64.38999938964844,64.66999816894531,63.88999938964844,64.37000274658203,1729400
SHLD,OK,2026-05-22 00:00:00-04:00,65.01000213623047,65.31700134277344,64.69999694824219,65.1500015258789,1388200
SHLD,OK,2026-05-26 00:00:00-04:00,66.0,66.37000274658203,65.62000274658203,66.12999725341797,1965900
SHLD,OK,2026-05-27 00:00:00-04:00,65.98999786376953,66.0,65.30000305175781,65.52999877929688,1356600
SHLD,OK,2026-05-28 00:00:00-04:00,66.30999755859375,68.0999984741211,66.25,67.91999816894531,4876300
SPCX,OK,2026-04-29 00:00:00-04:00,22.079299926757812,22.079299926757812,22.079299926757812,22.079299926757812,0
SPCX,OK,2026-04-30 00:00:00-04:00,21.809999465942383,22.100000381469727,21.799999237060547,22.089099884033203,3418
SPCX,OK,2026-05-01 00:00:00-04:00,21.790000915527344,21.937400817871094,21.780000686645508,21.937400817871094,2098
SPCX,OK,2026-05-04 00:00:00-04:00,21.790000915527344,22.350000381469727,21.790000915527344,22.06999969482422,2671
SPCX,OK,2026-05-05 00:00:00-04:00,21.799999237060547,22.09000015258789,21.799999237060547,22.09000015258789,2052
SPCX,OK,2026-05-06 00:00:00-04:00,21.81999969482422,21.954999923706055,21.809999465942383,21.95400047302246,2899
SPCX,OK,2026-05-07 00:00:00-04:00,22.05500030517578,22.065099716186523,22.05500030517578,22.065099716186523,623
SPCX,OK,2026-05-08 00:00:00-04:00,22.059999465942383,22.059999465942383,21.81999969482422,21.915000915527344,968
SPCX,OK,2026-05-11 00:00:00-04:00,21.829999923706055,22.14419937133789,21.829999923706055,22.14419937133789,423
SPCX,OK,2026-05-12 00:00:00-04:00,22.489999771118164,22.489999771118164,22.14940071105957,22.14940071105957,1462
SPCX,OK,2026-05-13 00:00:00-04:00,22.14940071105957,22.14940071105957,22.14940071105957,22.14940071105957,0
SPCX,OK,2026-05-14 00:00:00-04:00,21.8799991607666,22.049999237060547,21.8700008392334,21.989999771118164,1773
SPCX,OK,2026-05-15 00:00:00-04:00,21.975000381469727,22.079999923706055,21.975000381469727,22.0049991607666,2670
SPCX,OK,2026-05-18 00:00:00-04:00,22.09000015258789,22.09000015258789,21.8799991607666,21.989999771118164,3416
SPCX,OK,2026-05-19 00:00:00-04:00,22.079999923706055,22.079999923706055,21.950000762939453,21.950000762939453,2648
SPCX,OK,2026-05-20 00:00:00-04:00,22.06999969482422,22.100000381469727,22.06999969482422,22.09000015258789,2733
SPCX,OK,2026-05-21 00:00:00-04:00,23.0,23.0,22.100000381469727,22.30109977722168,21993
SPCX,OK,2026-05-22 00:00:00-04:00,22.760000228881836,22.760000228881836,22.290000915527344,22.399999618530273,16752
SPCX,OK,2026-05-26 00:00:00-04:00,22.690000534057617,22.690000534057617,22.339000701904297,22.339000701904297,3845
SPCX,OK,2026-05-27 00:00:00-04:00,22.549999237060547,22.609899520874023,21.940000534057617,22.3799991607666,15071
TER,OK,2026-04-29 00:00:00-04:00,314.42124704953505,334.8735133850265,301.7460114777026,306.2143249511719,13070500
TER,OK,2026-04-30 00:00:00-04:00,326.8765486802327,353.406537656098,326.6066615946956,343.34033203125,7836300
TER,OK,2026-05-01 00:00:00-04:00,343.2803608617998,353.8663593057273,336.52290310859956,345.28961181640625,2876800
TER,OK,2026-05-04 00:00:00-04:00,344.2899670204628,349.6879219825702,336.6328556291772,337.3125915527344,3100000
TER,OK,2026-05-05 00:00:00-04:00,345.45951539643653,365.99176885677605,344.9097352568309,356.9651794433594,3565700
TER,OK,2026-05-06 00:00:00-04:00,368.37087510057506,382.85539449322414,364.6522784037929,382.3356018066406,3836200
TER,OK,2026-05-07 00:00:00-04:00,378.39708725328177,378.856905034319,345.4295281760308,353.9762878417969,5001500
TER,OK,2026-05-08 00:00:00-04:00,366.86143651725183,367.73110316154174,354.1062443848503,359.6341552734375,3486000
TER,OK,2026-05-11 00:00:00-04:00,355.5057400479739,367.3312601185664,354.1162502101704,366.5015869140625,4427900
TER,OK,2026-05-12 00:00:00-04:00,356.47536502061143,359.69415069029856,340.1215555663396,358.314697265625,5646000
TER,OK,2026-05-13 00:00:00-04:00,366.17171496815666,366.7614885815175,349.88785592664675,363.2428283691406,3628700
TER,OK,2026-05-14 00:00:00-04:00,361.86332934763163,364.8621967179159,353.45650082554135,356.4153747558594,2352500
TER,OK,2026-05-15 00:00:00-04:00,339.4418058028365,346.4591444844642,335.1934103511008,337.75244140625,4251900
TER,OK,2026-05-18 00:00:00-04:00,337.7524347114488,341.9108677201535,315.5508288736755,320.92877197265625,4670100
TER,OK,2026-05-19 00:00:00-04:00,314.001390267484,325.08719926496553,309.29317720231205,321.3985900878906,3489000
TER,OK,2026-05-20 00:00:00-04:00,327.73620246421905,344.3399472548049,324.357504201604,344.2099914550781,3387500
TER,OK,2026-05-21 00:00:00-04:00,345.3699951171875,359.4700012207031,343.3299865722656,353.44000244140625,3587000
TER,OK,2026-05-22 00:00:00-04:00,355.0,360.3399963378906,352.4100036621094,358.44000244140625,2708500
TER,OK,2026-05-26 00:00:00-04:00,371.6300048828125,390.3500061035156,367.6199951171875,389.1400146484375,4005700
TER,OK,2026-05-27 00:00:00-04:00,402.1300048828125,406.6499938964844,365.04998779296875,375.8299865722656,3275000
TER,OK,2026-05-28 00:00:00-04:00,381.55999755859375,386.29998779296875,364.8299865722656,382.6499938964844,2762100
UFO,OK,2026-04-29 00:00:00-04:00,49.88999938964844,49.96799850463867,48.86000061035156,49.61000061035156,626100
UFO,OK,2026-04-30 00:00:00-04:00,50.06999969482422,51.78499984741211,50.04999923706055,51.650001525878906,945700
UFO,OK,2026-05-01 00:00:00-04:00,52.0,52.16999816894531,50.88999938964844,51.36000061035156,565800
UFO,OK,2026-05-04 00:00:00-04:00,51.334999084472656,51.900001525878906,50.68000030517578,51.310001373291016,795100
UFO,OK,2026-05-05 00:00:00-04:00,52.310001373291016,52.310001373291016,50.34000015258789,50.7599983215332,605000
UFO,OK,2026-05-06 00:00:00-04:00,51.415000915527344,52.779998779296875,51.150001525878906,52.70000076293945,1602500
UFO,OK,2026-05-07 00:00:00-04:00,52.619998931884766,52.7400016784668,50.779998779296875,51.040000915527344,634400
UFO,OK,2026-05-08 00:00:00-04:00,52.25,54.560001373291016,51.9900016784668,54.5,1527300
UFO,OK,2026-05-11 00:00:00-04:00,54.79999923706055,57.1150016784668,54.560001373291016,56.29999923706055,1936500
UFO,OK,2026-05-12 00:00:00-04:00,55.41999816894531,56.279998779296875,54.099998474121094,55.59000015258789,988300
UFO,OK,2026-05-13 00:00:00-04:00,56.06999969482422,56.68000030517578,55.060001373291016,56.36000061035156,776700
UFO,OK,2026-05-14 00:00:00-04:00,56.435001373291016,58.33000183105469,55.83000183105469,57.970001220703125,1595200
UFO,OK,2026-05-15 00:00:00-04:00,56.40999984741211,57.119998931884766,55.70000076293945,56.25,985700
UFO,OK,2026-05-18 00:00:00-04:00,57.73500061035156,58.959999084472656,56.25,57.59000015258789,1987100
UFO,OK,2026-05-19 00:00:00-04:00,56.970001220703125,57.459999084472656,55.02000045776367,57.06999969482422,1000900
UFO,OK,2026-05-20 00:00:00-04:00,57.59000015258789,59.0989990234375,56.75,58.91999816894531,1186800
UFO,OK,2026-05-21 00:00:00-04:00,58.4900016784668,59.54999923706055,57.869998931884766,58.959999084472656,1166000
UFO,OK,2026-05-22 00:00:00-04:00,60.05500030517578,62.11000061035156,60.040000915527344,61.900001525878906,2060800
UFO,OK,2026-05-26 00:00:00-04:00,65.43000030517578,66.98999786376953,64.40499877929688,65.44000244140625,2902000
UFO,OK,2026-05-27 00:00:00-04:00,66.7300033569336,67.23799896240234,64.5,66.6500015258789,3030700
UFO,OK,2026-05-28 00:00:00-04:00,66.38500213623047,68.21199798583984,65.54000091552734,67.80500030517578,1592500
UUUU,OK,2026-04-29 00:00:00-04:00,20.969999313354492,20.989999771118164,19.459999084472656,19.579999923706055,8667900
UUUU,OK,2026-04-30 00:00:00-04:00,19.979999542236328,21.719999313354492,19.959999084472656,21.639999389648438,8619100
UUUU,OK,2026-05-01 00:00:00-04:00,21.6200008392334,21.780000686645508,20.760000228881836,21.65999984741211,7386700
UUUU,OK,2026-05-04 00:00:00-04:00,21.6299991607666,22.760000228881836,21.290000915527344,21.6200008392334,10187700
UUUU,OK,2026-05-05 00:00:00-04:00,22.0,22.579999923706055,20.649999618530273,21.040000915527344,8388900
UUUU,OK,2026-05-06 00:00:00-04:00,21.469999313354492,23.700000762939453,21.09000015258789,23.520000457763672,13880300
UUUU,OK,2026-05-07 00:00:00-04:00,23.65999984741211,25.790000915527344,23.1200008392334,23.350000381469727,22692400
UUUU,OK,2026-05-08 00:00:00-04:00,23.389999389648438,23.68000030517578,21.219999313354492,21.3799991607666,12598400
UUUU,OK,2026-05-11 00:00:00-04:00,21.6200008392334,23.020000457763672,20.93000030517578,22.040000915527344,14553900
UUUU,OK,2026-05-12 00:00:00-04:00,21.5,21.520000457763672,19.989999771118164,20.950000762939453,10250600
UUUU,OK,2026-05-13 00:00:00-04:00,20.850000381469727,20.860000610351562,19.81999969482422,20.18000030517578,6965500
UUUU,OK,2026-05-14 00:00:00-04:00,20.149999618530273,20.219999313354492,18.920000076293945,19.5,7916900
UUUU,OK,2026-05-15 00:00:00-04:00,18.690000534057617,18.93000030517578,18.270000457763672,18.40999984741211,8191700
UUUU,OK,2026-05-18 00:00:00-04:00,18.299999237060547,18.639999389648438,17.219999313354492,17.399999618530273,8769300
UUUU,OK,2026-05-19 00:00:00-04:00,17.299999237060547,17.389999389648438,16.030000686645508,16.18000030517578,10365200
UUUU,OK,2026-05-20 00:00:00-04:00,16.84000015258789,17.229999542236328,16.18000030517578,16.780000686645508,11102700
UUUU,OK,2026-05-21 00:00:00-04:00,16.889999389648438,18.229999542236328,16.809999465942383,17.860000610351562,9339700
UUUU,OK,2026-05-22 00:00:00-04:00,18.149999618530273,18.93000030517578,17.989999771118164,18.040000915527344,8920700
UUUU,OK,2026-05-26 00:00:00-04:00,18.59000015258789,19.139999389648438,18.389999389648438,18.399999618530273,9408500
UUUU,OK,2026-05-27 00:00:00-04:00,18.360000610351562,18.6200008392334,17.81999969482422,18.350000381469727,7000900
UUUU,OK,2026-05-28 00:00:00-04:00,18.0,18.850000381469727,17.520000457763672,18.440000534057617,8486800
VBK,OK,2026-04-29 00:00:00-04:00,329.2099914550781,329.2099914550781,324.8299865722656,327.5199890136719,165600
VBK,OK,2026-04-30 00:00:00-04:00,329.6000061035156,335.1700134277344,328.510009765625,334.9599914550781,134600
VBK,OK,2026-05-01 00:00:00-04:00,337.2300109863281,338.1000061035156,334.9800109863281,337.3599853515625,172400
VBK,OK,2026-05-04 00:00:00-04:00,337.2099914550781,340.3500061035156,335.3699951171875,337.94000244140625,225700
VBK,OK,2026-05-05 00:00:00-04:00,340.1400146484375,342.2200012207031,339.0199890136719,341.739990234375,207600
VBK,OK,2026-05-06 00:00:00-04:00,345.2799987792969,347.4700012207031,342.4599914550781,347.25,199200
VBK,OK,2026-05-07 00:00:00-04:00,348.7099914550781,349.260009765625,339.75,341.30999755859375,223400
VBK,OK,2026-05-08 00:00:00-04:00,344.0,344.0199890136719,340.9100036621094,343.5799865722656,148100
VBK,OK,2026-05-11 00:00:00-04:00,343.44000244140625,347.9700012207031,343.3399963378906,346.8599853515625,203000
VBK,OK,2026-05-12 00:00:00-04:00,344.3599853515625,344.3599853515625,337.2799987792969,342.8299865722656,240000
VBK,OK,2026-05-13 00:00:00-04:00,343.9599914550781,344.29998779296875,338.55999755859375,343.17999267578125,303800
VBK,OK,2026-05-14 00:00:00-04:00,344.0400085449219,346.04998779296875,341.29998779296875,345.239990234375,284500
VBK,OK,2026-05-15 00:00:00-04:00,339.8999938964844,340.5899963378906,336.1300048828125,337.5299987792969,261500
VBK,OK,2026-05-18 00:00:00-04:00,338.54998779296875,338.92999267578125,331.9100036621094,334.55999755859375,345800
VBK,OK,2026-05-19 00:00:00-04:00,332.1300048828125,334.3999938964844,328.20001220703125,332.29998779296875,266600
VBK,OK,2026-05-20 00:00:00-04:00,334.6300048828125,340.7699890136719,332.04998779296875,340.3399963378906,344200
VBK,OK,2026-05-21 00:00:00-04:00,338.57000732421875,345.04998779296875,337.1600036621094,343.55999755859375,167200
VBK,OK,2026-05-22 00:00:00-04:00,345.7900085449219,348.5299987792969,345.2200012207031,347.1199951171875,159600
VBK,OK,2026-05-26 00:00:00-04:00,351.8900146484375,353.6199951171875,349.6099853515625,352.739990234375,282700
VBK,OK,2026-05-27 00:00:00-04:00,353.9200134277344,354.0,351.010009765625,352.6000061035156,264700
VBK,OK,2026-05-28 00:00:00-04:00,351.6700134277344,356.0,349.7799987792969,354.8900146484375,182700
VEA,OK,2026-04-29 00:00:00-04:00,67.4800033569336,67.54000091552734,66.79000091552734,67.08000183105469,10743700
VEA,OK,2026-04-30 00:00:00-04:00,68.04000091552734,68.94000244140625,67.9000015258789,68.80000305175781,13300000
VEA,OK,2026-05-01 00:00:00-04:00,68.81999969482422,69.2300033569336,68.69999694824219,68.72000122070312,12750000
VEA,OK,2026-05-04 00:00:00-04:00,68.4800033569336,68.72000122070312,67.70999908447266,67.91000366210938,15206300
VEA,OK,2026-05-05 00:00:00-04:00,68.6500015258789,69.13999938964844,68.52999877929688,68.9800033569336,14930100
VEA,OK,2026-05-06 00:00:00-04:00,70.58999633789062,70.94000244140625,70.47000122070312,70.87000274658203,9893100
VEA,OK,2026-05-07 00:00:00-04:00,71.01000213623047,71.12000274658203,69.62000274658203,69.66999816894531,14924700
VEA,OK,2026-05-08 00:00:00-04:00,70.41999816894531,70.83999633789062,70.38999938964844,70.83000183105469,9468500
VEA,OK,2026-05-11 00:00:00-04:00,70.80999755859375,71.0,70.72000122070312,70.81999969482422,9789400
VEA,OK,2026-05-12 00:00:00-04:00,70.0,70.11000061035156,69.36000061035156,69.97000122070312,9068200
VEA,OK,2026-05-13 00:00:00-04:00,70.16999816894531,70.6500015258789,70.0,70.62999725341797,9963600
VEA,OK,2026-05-14 00:00:00-04:00,70.69000244140625,70.79000091552734,70.45999908447266,70.55999755859375,10071200
VEA,OK,2026-05-15 00:00:00-04:00,69.26000213623047,69.3499984741211,68.88999938964844,69.08000183105469,9970600
VEA,OK,2026-05-18 00:00:00-04:00,69.7300033569336,69.79000091552734,68.91000366210938,69.5199966430664,12279300
VEA,OK,2026-05-19 00:00:00-04:00,68.91999816894531,69.45999908447266,68.66000366210938,68.98999786376953,11695500
VEA,OK,2026-05-20 00:00:00-04:00,69.05999755859375,70.33000183105469,69.0199966430664,70.19999694824219,9111400
VEA,OK,2026-05-21 00:00:00-04:00,69.81999969482422,70.93000030517578,69.62999725341797,70.69000244140625,13456600
VEA,OK,2026-05-22 00:00:00-04:00,70.66999816894531,70.83999633789062,70.37999725341797,70.45999908447266,8708200
VEA,OK,2026-05-26 00:00:00-04:00,71.61000061035156,71.87999725341797,71.4800033569336,71.77999877929688,8763600
VEA,OK,2026-05-27 00:00:00-04:00,71.70999908447266,71.77999877929688,71.19999694824219,71.41000366210938,8579600
VEA,OK,2026-05-28 00:00:00-04:00,71.05000305175781,71.83999633789062,70.87999725341797,71.66000366210938,8369800
VGIT,OK,2026-04-29 00:00:00-04:00,59.152843674357115,59.152843674357115,58.983377871578526,59.043190002441406,3254000
VGIT,OK,2026-04-30 00:00:00-04:00,59.15284218066339,59.182746344006794,59.09303005131085,59.10300064086914,3118000
VGIT,OK,2026-05-01 00:00:00-04:00,59.150001525878906,59.29999923706055,59.11000061035156,59.15999984741211,3143400
VGIT,OK,2026-05-04 00:00:00-04:00,59.09000015258789,59.099998474121094,58.90999984741211,59.0099983215332,2119300
VGIT,OK,2026-05-05 00:00:00-04:00,59.04999923706055,59.11000061035156,59.040000915527344,59.040000915527344,2194400
VGIT,OK,2026-05-06 00:00:00-04:00,59.2400016784668,59.290000915527344,59.209999084472656,59.2599983215332,2630800
VGIT,OK,2026-05-07 00:00:00-04:00,59.36000061035156,59.369998931884766,59.119998931884766,59.150001525878906,1770600
VGIT,OK,2026-05-08 00:00:00-04:00,59.279998779296875,59.310001373291016,59.22999954223633,59.2400016784668,2603300
VGIT,OK,2026-05-11 00:00:00-04:00,59.209999084472656,59.220001220703125,59.099998474121094,59.11000061035156,2218300
VGIT,OK,2026-05-12 00:00:00-04:00,59.0,59.0,58.95000076293945,58.970001220703125,2122900
VGIT,OK,2026-05-13 00:00:00-04:00,58.95000076293945,58.9900016784668,58.869998931884766,58.97999954223633,2810700
VGIT,OK,2026-05-14 00:00:00-04:00,59.04999923706055,59.06999969482422,58.91999816894531,58.91999816894531,2791100
VGIT,OK,2026-05-15 00:00:00-04:00,58.70000076293945,58.709999084472656,58.599998474121094,58.619998931884766,3584400
VGIT,OK,2026-05-18 00:00:00-04:00,58.65999984741211,58.72999954223633,58.54999923706055,58.619998931884766,5365500
VGIT,OK,2026-05-19 00:00:00-04:00,58.470001220703125,58.52000045776367,58.369998931884766,58.459999084472656,3728000
VGIT,OK,2026-05-20 00:00:00-04:00,58.470001220703125,58.77000045776367,58.459999084472656,58.720001220703125,4347400
VGIT,OK,2026-05-21 00:00:00-04:00,58.59000015258789,58.7599983215332,58.52000045776367,58.75,2973100
VGIT,OK,2026-05-22 00:00:00-04:00,58.81999969482422,58.81999969482422,58.630001068115234,58.72999954223633,3783600
VGIT,OK,2026-05-26 00:00:00-04:00,58.93000030517578,58.939998626708984,58.84000015258789,58.93000030517578,2519600
VGIT,OK,2026-05-27 00:00:00-04:00,58.95000076293945,59.0099983215332,58.93000030517578,58.95000076293945,2569400
VGIT,OK,2026-05-28 00:00:00-04:00,58.939998626708984,59.099998474121094,58.91999816894531,59.029998779296875,2400200
VNQ,OK,2026-04-29 00:00:00-04:00,95.16999816894531,95.80000305175781,94.51000213623047,94.9000015258789,2903100
VNQ,OK,2026-04-30 00:00:00-04:00,94.68000030517578,96.41000366210938,94.55000305175781,96.33000183105469,3730200
VNQ,OK,2026-05-01 00:00:00-04:00,96.5999984741211,96.70999908447266,95.80999755859375,96.05999755859375,3248800
VNQ,OK,2026-05-04 00:00:00-04:00,95.73999786376953,96.29000091552734,95.08000183105469,95.45999908447266,3595200
VNQ,OK,2026-05-05 00:00:00-04:00,95.6500015258789,95.95999908447266,95.02999877929688,95.76000213623047,2536800
VNQ,OK,2026-05-06 00:00:00-04:00,96.4000015258789,97.37000274658203,96.36000061035156,97.08999633789062,3238800
VNQ,OK,2026-05-07 00:00:00-04:00,96.80999755859375,97.13999938964844,95.97000122070312,96.38999938964844,2739700
VNQ,OK,2026-05-08 00:00:00-04:00,96.66999816894531,97.19000244140625,96.58000183105469,96.62000274658203,2186500
VNQ,OK,2026-05-11 00:00:00-04:00,96.9000015258789,97.31999969482422,96.38999938964844,96.69000244140625,3868500
VNQ,OK,2026-05-12 00:00:00-04:00,96.62000274658203,96.88999938964844,95.97000122070312,96.69000244140625,2325100
VNQ,OK,2026-05-13 00:00:00-04:00,96.2300033569336,96.27999877929688,95.44000244140625,95.88999938964844,5047300
VNQ,OK,2026-05-14 00:00:00-04:00,96.16000366210938,96.33999633789062,95.25,95.31999969482422,2521700
VNQ,OK,2026-05-15 00:00:00-04:00,95.0999984741211,95.12000274658203,93.77999877929688,93.91000366210938,4543700
VNQ,OK,2026-05-18 00:00:00-04:00,94.04000091552734,95.19000244140625,94.04000091552734,95.01000213623047,2766100
VNQ,OK,2026-05-19 00:00:00-04:00,94.9800033569336,95.52999877929688,94.47000122070312,95.27999877929688,2092700
VNQ,OK,2026-05-20 00:00:00-04:00,95.2699966430664,96.5,95.1500015258789,96.48999786376953,2655000
VNQ,OK,2026-05-21 00:00:00-04:00,96.04000091552734,96.76000213623047,95.47000122070312,96.66999816894531,2493900
VNQ,OK,2026-05-22 00:00:00-04:00,96.94999694824219,97.2300033569336,96.13999938964844,96.7699966430664,3549600
VNQ,OK,2026-05-26 00:00:00-04:00,97.1500015258789,97.54000091552734,96.80999755859375,97.22000122070312,3193000
VNQ,OK,2026-05-27 00:00:00-04:00,97.05000305175781,97.70999908447266,96.91000366210938,96.91999816894531,2509300
VNQ,OK,2026-05-28 00:00:00-04:00,96.7300033569336,97.23999786376953,96.2699966430664,96.55000305175781,2898600
VTI,OK,2026-04-29 00:00:00-04:00,350.4599914550781,350.69000244140625,348.6700134277344,350.2099914550781,2742500
VTI,OK,2026-04-30 00:00:00-04:00,351.54998779296875,354.69000244140625,350.0199890136719,354.17999267578125,2723400
VTI,OK,2026-05-01 00:00:00-04:00,355.55999755859375,357.1499938964844,355.0799865722656,355.2900085449219,3752000
VTI,OK,2026-05-04 00:00:00-04:00,355.0799865722656,356.1700134277344,352.5299987792969,353.9800109863281,3012400
VTI,OK,2026-05-05 00:00:00-04:00,355.7900085449219,357.5799865722656,355.7699890136719,356.989990234375,2722200
VTI,OK,2026-05-06 00:00:00-04:00,359.4599914550781,362.2699890136719,359.1199951171875,361.8599853515625,3794300
VTI,OK,2026-05-07 00:00:00-04:00,362.6199951171875,362.7200012207031,359.3800048828125,360.20001220703125,3500900
VTI,OK,2026-05-08 00:00:00-04:00,362.010009765625,363.1300048828125,361.4700012207031,362.8699951171875,2867400
VTI,OK,2026-05-11 00:00:00-04:00,362.6099853515625,364.4800109863281,362.4200134277344,363.6300048828125,3672200
VTI,OK,2026-05-12 00:00:00-04:00,362.5199890136719,363.1600036621094,359.6199951171875,362.7900085449219,3067500
VTI,OK,2026-05-13 00:00:00-04:00,363.2200012207031,365.3999938964844,361.3599853515625,364.7099914550781,3305300
VTI,OK,2026-05-14 00:00:00-04:00,365.5,368.25,365.4200134277344,367.3999938964844,2931700
VTI,OK,2026-05-15 00:00:00-04:00,364.5299987792969,364.92999267578125,362.2799987792969,362.739990234375,3404000
VTI,OK,2026-05-18 00:00:00-04:00,363.3399963378906,364.07000732421875,359.9800109863281,362.3599853515625,3577600
VTI,OK,2026-05-19 00:00:00-04:00,360.6499938964844,361.9700012207031,358.79998779296875,360.05999755859375,3169400
VTI,OK,2026-05-20 00:00:00-04:00,361.20001220703125,364.3900146484375,360.20001220703125,364.19000244140625,3153000
VTI,OK,2026-05-21 00:00:00-04:00,362.79998779296875,366.07000732421875,362.1300048828125,365.0899963378906,2766300
VTI,OK,2026-05-22 00:00:00-04:00,366.80999755859375,368.29998779296875,366.0899963378906,366.7900085449219,2642200
VTI,OK,2026-05-26 00:00:00-04:00,368.9800109863281,370.239990234375,368.3999938964844,369.4599914550781,3566700
VTI,OK,2026-05-27 00:00:00-04:00,369.5,370.04998779296875,368.3999938964844,369.3599853515625,3097800
VTI,OK,2026-05-28 00:00:00-04:00,369.5299987792969,371.9200134277344,368.75,371.6600036621094,2956100
VUG,OK,2026-04-29 00:00:00-04:00,82.6500015258789,82.8499984741211,82.16999816894531,82.68000030517578,3930000
VUG,OK,2026-04-30 00:00:00-04:00,83.12999725341797,83.36000061035156,81.87000274658203,83.16999816894531,4964500
VUG,OK,2026-05-01 00:00:00-04:00,83.7300033569336,84.37000274658203,83.56999969482422,83.86000061035156,6012500
VUG,OK,2026-05-04 00:00:00-04:00,83.91000366210938,84.1500015258789,83.13999938964844,83.72000122070312,6019200
VUG,OK,2026-05-05 00:00:00-04:00,84.20999908447266,84.44999694824219,83.97000122070312,84.30999755859375,4764200
VUG,OK,2026-05-06 00:00:00-04:00,85.0,86.01000213623047,84.75,85.9000015258789,6892800
VUG,OK,2026-05-07 00:00:00-04:00,86.38999938964844,86.81999969482422,85.79000091552734,86.05000305175781,8792400
VUG,OK,2026-05-08 00:00:00-04:00,86.41000366210938,86.9000015258789,86.26000213623047,86.83999633789062,5521900
VUG,OK,2026-05-11 00:00:00-04:00,86.30000305175781,87.23999786376953,86.19000244140625,86.80999755859375,6510800
VUG,OK,2026-05-12 00:00:00-04:00,86.44000244140625,86.77999877929688,85.56999969482422,86.55999755859375,6373900
VUG,OK,2026-05-13 00:00:00-04:00,86.61000061035156,87.80000305175781,86.11000061035156,87.51000213623047,5131500
VUG,OK,2026-05-14 00:00:00-04:00,87.5999984741211,88.62999725341797,87.52999877929688,88.48999786376953,7214800
VUG,OK,2026-05-15 00:00:00-04:00,87.63999938964844,88.25,86.91999816894531,87.43000030517578,7180000
VUG,OK,2026-05-18 00:00:00-04:00,87.45999908447266,87.66000366210938,86.33999633789062,87.08999633789062,6464900
VUG,OK,2026-05-19 00:00:00-04:00,86.66999816894531,86.93000030517578,85.91000366210938,86.29000091552734,9043000
VUG,OK,2026-05-20 00:00:00-04:00,86.55999755859375,87.44999694824219,86.30000305175781,87.4000015258789,7457000
VUG,OK,2026-05-21 00:00:00-04:00,87.0999984741211,87.93000030517578,86.75,87.4800033569336,6056200
VUG,OK,2026-05-22 00:00:00-04:00,87.83000183105469,88.22000122070312,87.44000244140625,87.54000091552734,4616800
VUG,OK,2026-05-26 00:00:00-04:00,88.06999969482422,88.51000213623047,87.83999633789062,88.19999694824219,6788000
VUG,OK,2026-05-27 00:00:00-04:00,88.16000366210938,88.33999633789062,87.83000183105469,88.20999908447266,7040900
VUG,OK,2026-05-28 00:00:00-04:00,88.19000244140625,89.25,88.11000061035156,89.22000122070312,9785100
